CREATE TABLE public.role
(
    id bigint NOT NULL GENERATED BY DEFAULT AS IDENTITY ( INCREMENT 1 START 1 MINVALUE 1 MAXVALUE 9223372036854775807 CACHE 1 ),
    name character varying(255) COLLATE pg_catalog."default",
    CONSTRAINT role_pkey PRIMARY KEY (id)
);
INSERT INTO role(id, name)
VALUES (1, 'Chefe'),
(2, 'Desenvolverdor Senior'),
(3, 'Desenvolvedor Pleno'),
(4, 'Desenvolvedor Jr'),
(5, 'Estágio');

CREATE TABLE public.owner
(
    id bigint NOT NULL GENERATED BY DEFAULT AS IDENTITY ( INCREMENT 1 START 1 MINVALUE 1 MAXVALUE 9223372036854775807 CACHE 1 ),
    email character varying(255) COLLATE pg_catalog."default",
    name character varying(255) COLLATE pg_catalog."default",
    phone character varying(255) COLLATE pg_catalog."default",
    role bigint,
    CONSTRAINT owner_pkey PRIMARY KEY (id),
    CONSTRAINT fkbbh48alqwnhysx9thysmxqukq FOREIGN KEY (role)
        REFERENCES public.role (id) MATCH SIMPLE
        ON UPDATE NO ACTION
        ON DELETE NO ACTION
);

INSERT INTO owner(id, email, name, phone, role)
VALUES(1, 'teste1@email.com', 'André', '111111111', 1),
(2, 'teste2@email.com', 'Thiago', '2222222', 2),
(3, 'teste3@email.com', 'Michel', '3333333', 4),
(4, 'teste4@email.com', 'Gustavo', '444444', 5),
(5, 'teste5@email.com', 'Carlos', '555555', 4),
(6, 'teste6@email.com', 'Guga', '6666666', 5);

CREATE TABLE public.task
(
    id bigint NOT NULL DEFAULT nextval('task_id_seq'::regclass),
    deadline date,
    description character varying(255) COLLATE pg_catalog."default",
    priority integer,
    status integer,
    title character varying(255) COLLATE pg_catalog."default",
    owner bigint,
    CONSTRAINT task_pkey PRIMARY KEY (id),
    CONSTRAINT fk1095tr7l6fdv7kw6vvqwyt8ja FOREIGN KEY (owner)
        REFERENCES public.owner (id) MATCH SIMPLE
        ON UPDATE NO ACTION
        ON DELETE NO ACTION
);
INSERT INTO task(id, deadline, description, priority, status, title, owner)
VALUES(1, '2021-04-28', 'Teste de descrição.', 0, 1, 'Teste', 1),
(2, '2021-04-29', 'Teste de descrição.', 2, 1, 'Teste', 2),
(3, '2021-04-30', 'Teste de descrição 2.', 1, 0, 'Teste', 3),
(4, '2021-05-01', 'Teste de descrição3.', 1, 0, 'Teste', 4),
(5, '2021-05-06', 'Teste de descrição4.', 1, 1, 'Teste', 2),
(6, '2021-05-07', 'Teste de descrição5.', 0, 0, 'Teste', 1),
(7, '2021-05-20', 'Teste de descrição6.', 0, 0, 'Teste', 3),
(8, '2021-05-25', 'Teste de descrição7.', 0, 1, 'Teste', 5),
(9, '2021-05-28', 'Teste de descrição8.', 0, 1, 'Teste', 6),
(10, '2021-05-30', 'Teste de descrição9.', 2, 1, 'Teste', 6);

<?xml version="1.0" encoding="UTF-8"?>
<project xmlns="http://maven.apache.org/POM/4.0.0"
	xmlns:xsi="http://www.w3.org/2001/XMLSchema-instance"
	xsi:schemaLocation="http://maven.apache.org/POM/4.0.0 https://maven.apache.org/xsd/maven-4.0.0.xsd">
	<modelVersion>4.0.0</modelVersion>
	<parent>
        <groupId>org.joinfaces</groupId>
        <artifactId>jsf-spring-boot-parent</artifactId>
        <version>2.1.6</version>
        <relativePath/> 
    </parent>

	<groupId>br.com.esig</groupId>
	<artifactId>gerenciador</artifactId>
	<version>0.0.1-SNAPSHOT</version>
	<packaging>war</packaging>

	<name>gerenciador</name>
	<description>Projeto de gerenciador de tarefas</description>

	<properties>
		<java.version>1.8</java.version>
	</properties>	

	<dependencies>
		<dependency>
			<groupId>org.joinfaces</groupId>
			<artifactId>jsf-spring-boot-starter</artifactId>
		</dependency>
		<dependency>
			<groupId>org.springframework.boot</groupId>
			<artifactId>spring-boot-starter-data-jpa</artifactId>
		</dependency>
		<dependency>
			<groupId>org.springframework.boot</groupId>
			<artifactId>spring-boot-starter-web</artifactId>
		</dependency>

		<dependency>
			<groupId>org.springframework.boot</groupId>
			<artifactId>spring-boot-devtools</artifactId>
			<scope>runtime</scope>
			<optional>true</optional>
		</dependency>
		<dependency>
			<groupId>org.postgresql</groupId>
			<artifactId>postgresql</artifactId>
			<version>42.2.20</version>
		</dependency>
		<dependency>
			<groupId>org.springframework.boot</groupId>
			<artifactId>spring-boot-starter-tomcat</artifactId>
			<scope>provided</scope>
		</dependency>
		<dependency>
			<groupId>org.springframework.boot</groupId>
			<artifactId>spring-boot-starter-test</artifactId>
			<scope>test</scope>
		</dependency>
	</dependencies>

	<build>
		<plugins>
			<plugin>
				<groupId>org.springframework.boot</groupId>
				<artifactId>spring-boot-maven-plugin</artifactId>
			</plugin>
		</plugins>
	</build>

</project>
